date	title	duration_ms	episode_url
2020-10-26	Introduction to VIEW — Connection Course Series #1	2941000	https://afp-933324-injected.calisto.simplecastaudio.com/e83bf197-ae48-4679-bb45-5aa4369b6e74/episodes/d52e39d7-ba91-4d52-beef-a11a0c77ef06/audio/128/default.mp3?aid=rss_feed&awCollectionId=e83bf197-ae48-4679-bb45-5aa4369b6e74&awEpisodeId=d52e39d7-ba91-4d52-beef-a11a0c77ef06&feed=zksImfUP
2020-11-04	Wonder — Connection Course Series #2	3160000	https://afp-933324-injected.calisto.simplecastaudio.com/e83bf197-ae48-4679-bb45-5aa4369b6e74/episodes/f29a2dfd-c725-4fa7-a995-4333a850095d/audio/128/default.mp3?aid=rss_feed&awCollectionId=e83bf197-ae48-4679-bb45-5aa4369b6e74&awEpisodeId=f29a2dfd-c725-4fa7-a995-4333a850095d&feed=zksImfUP
2020-11-05	Impartiality — Connection Course Series #3	3084000	https://afp-933324-injected.calisto.simplecastaudio.com/e83bf197-ae48-4679-bb45-5aa4369b6e74/episodes/1a51fff9-b5e7-4129-a3d5-102c50b6212e/audio/128/default.mp3?aid=rss_feed&awCollectionId=e83bf197-ae48-4679-bb45-5aa4369b6e74&awEpisodeId=1a51fff9-b5e7-4129-a3d5-102c50b6212e&feed=zksImfUP
2020-11-06	Empathy — Connection Course Series #4	3112000	https://afp-933324-injected.calisto.simplecastaudio.com/e83bf197-ae48-4679-bb45-5aa4369b6e74/episodes/fd511f99-8261-4341-8ded-da99feee918a/audio/128/default.mp3?aid=rss_feed&awCollectionId=e83bf197-ae48-4679-bb45-5aa4369b6e74&awEpisodeId=fd511f99-8261-4341-8ded-da99feee918a&feed=zksImfUP
2020-11-10	Vulnerability — Connection Course Series #5	2855000	https://afp-933324-injected.calisto.simplecastaudio.com/e83bf197-ae48-4679-bb45-5aa4369b6e74/episodes/2f8d9ff9-68b7-46ca-a4db-d720b8c081bd/audio/128/default.mp3?aid=rss_feed&awCollectionId=e83bf197-ae48-4679-bb45-5aa4369b6e74&awEpisodeId=2f8d9ff9-68b7-46ca-a4db-d720b8c081bd&feed=zksImfUP
2020-12-11	Integrating a Transformative Experience	2536000	https://afp-933324-injected.calisto.simplecastaudio.com/e83bf197-ae48-4679-bb45-5aa4369b6e74/episodes/409bb2cb-faa7-4466-9ce7-e0b5f58c9bc1/audio/128/default.mp3?aid=rss_feed&awCollectionId=e83bf197-ae48-4679-bb45-5aa4369b6e74&awEpisodeId=409bb2cb-faa7-4466-9ce7-e0b5f58c9bc1&feed=zksImfUP
2021-01-20	If You Can't Love the Feeling, Love the Resistance	2916000	https://afp-933324-injected.calisto.simplecastaudio.com/e83bf197-ae48-4679-bb45-5aa4369b6e74/episodes/8f90c019-bf9f-46a3-93f7-2de734877580/audio/128/default.mp3?aid=rss_feed&awCollectionId=e83bf197-ae48-4679-bb45-5aa4369b6e74&awEpisodeId=8f90c019-bf9f-46a3-93f7-2de734877580&feed=zksImfUP
2021-02-13	The Art of Accomplishment — Master Class Series #1	2826000	https://afp-933324-injected.calisto.simplecastaudio.com/e83bf197-ae48-4679-bb45-5aa4369b6e74/episodes/26b598e1-8a78-4111-83b2-0833639f374f/audio/128/default.mp3?aid=rss_feed&awCollectionId=e83bf197-ae48-4679-bb45-5aa4369b6e74&awEpisodeId=26b598e1-8a78-4111-83b2-0833639f374f&feed=zksImfUP
2021-02-13	Embarking on the Journey — Master Class Series #2	2900000	https://afp-933324-injected.calisto.simplecastaudio.com/e83bf197-ae48-4679-bb45-5aa4369b6e74/episodes/5a171f45-8a46-492b-b222-220b575eb502/audio/128/default.mp3?aid=rss_feed&awCollectionId=e83bf197-ae48-4679-bb45-5aa4369b6e74&awEpisodeId=5a171f45-8a46-492b-b222-220b575eb502&feed=zksImfUP
2021-02-13	Connection over Perfection — Master Class Series #3	3034000	https://afp-933324-injected.calisto.simplecastaudio.com/e83bf197-ae48-4679-bb45-5aa4369b6e74/episodes/4aba3fad-f9c6-4fa1-9637-13b8a26b2906/audio/128/default.mp3?aid=rss_feed&awCollectionId=e83bf197-ae48-4679-bb45-5aa4369b6e74&awEpisodeId=4aba3fad-f9c6-4fa1-9637-13b8a26b2906&feed=zksImfUP
2021-02-13	Enjoy over Manage — Master Class Series #4	2740000	https://afp-933324-injected.calisto.simplecastaudio.com/e83bf197-ae48-4679-bb45-5aa4369b6e74/episodes/2f688a04-2223-4ba1-b658-4b3bf2adafc4/audio/128/default.mp3?aid=rss_feed&awCollectionId=e83bf197-ae48-4679-bb45-5aa4369b6e74&awEpisodeId=2f688a04-2223-4ba1-b658-4b3bf2adafc4&feed=zksImfUP
2021-03-05	Feel over Figure — Master Class Series #5	2784000	https://afp-933324-injected.calisto.simplecastaudio.com/e83bf197-ae48-4679-bb45-5aa4369b6e74/episodes/93a5cf5c-3c19-410e-80ef-48d8175ced36/audio/128/default.mp3?aid=rss_feed&awCollectionId=e83bf197-ae48-4679-bb45-5aa4369b6e74&awEpisodeId=93a5cf5c-3c19-410e-80ef-48d8175ced36&feed=zksImfUP
2021-03-15	Want over Should — Master Class Series #6	2478000	https://afp-933324-injected.calisto.simplecastaudio.com/e83bf197-ae48-4679-bb45-5aa4369b6e74/episodes/bb1e02c3-e676-4a14-a3f7-74862c93e6de/audio/128/default.mp3?aid=rss_feed&awCollectionId=e83bf197-ae48-4679-bb45-5aa4369b6e74&awEpisodeId=bb1e02c3-e676-4a14-a3f7-74862c93e6de&feed=zksImfUP
2021-03-19	Authenticity over Improvement — Master Class Series #7	2980000	https://afp-933324-injected.calisto.simplecastaudio.com/e83bf197-ae48-4679-bb45-5aa4369b6e74/episodes/dab8656d-1731-48ab-bc15-18cf65139ed7/audio/128/default.mp3?aid=rss_feed&awCollectionId=e83bf197-ae48-4679-bb45-5aa4369b6e74&awEpisodeId=dab8656d-1731-48ab-bc15-18cf65139ed7&feed=zksImfUP
2021-03-26	Empower over Power — Master Class Series #8	2867000	https://afp-933324-injected.calisto.simplecastaudio.com/e83bf197-ae48-4679-bb45-5aa4369b6e74/episodes/8c8c8de5-a376-4c55-b8fa-cc46ef81d205/audio/128/default.mp3?aid=rss_feed&awCollectionId=e83bf197-ae48-4679-bb45-5aa4369b6e74&awEpisodeId=8c8c8de5-a376-4c55-b8fa-cc46ef81d205&feed=zksImfUP
2021-04-09	Love over Defense — Master Class Series #9	2856000	https://afp-933324-injected.calisto.simplecastaudio.com/e83bf197-ae48-4679-bb45-5aa4369b6e74/episodes/cab8b5b7-2d84-456e-bdef-eac4ab870d85/audio/128/default.mp3?aid=rss_feed&awCollectionId=e83bf197-ae48-4679-bb45-5aa4369b6e74&awEpisodeId=cab8b5b7-2d84-456e-bdef-eac4ab870d85&feed=zksImfUP
2021-04-23	Money Can't Save You	1603000	https://afp-933324-injected.calisto.simplecastaudio.com/e83bf197-ae48-4679-bb45-5aa4369b6e74/episodes/91b04d0e-0fc1-4a7c-b0aa-62b257d5e4ac/audio/128/default.mp3?aid=rss_feed&awCollectionId=e83bf197-ae48-4679-bb45-5aa4369b6e74&awEpisodeId=91b04d0e-0fc1-4a7c-b0aa-62b257d5e4ac&feed=zksImfUP
2021-05-07	Money Can't Oppress You	1644000	https://afp-933324-injected.calisto.simplecastaudio.com/e83bf197-ae48-4679-bb45-5aa4369b6e74/episodes/3a634cdd-cc45-46ae-9e21-c4bf1036499c/audio/128/default.mp3?aid=rss_feed&awCollectionId=e83bf197-ae48-4679-bb45-5aa4369b6e74&awEpisodeId=3a634cdd-cc45-46ae-9e21-c4bf1036499c&feed=zksImfUP
2021-05-21	Father Figures and Authority (Coaching Session)	1524000	https://afp-933324-injected.calisto.simplecastaudio.com/e83bf197-ae48-4679-bb45-5aa4369b6e74/episodes/2a4cab41-6ca7-4656-a1f6-943809c052ef/audio/128/default.mp3?aid=rss_feed&awCollectionId=e83bf197-ae48-4679-bb45-5aa4369b6e74&awEpisodeId=2a4cab41-6ca7-4656-a1f6-943809c052ef&feed=zksImfUP
2021-06-04	The Business Behind our Courses	1724000	https://afp-933324-injected.calisto.simplecastaudio.com/e83bf197-ae48-4679-bb45-5aa4369b6e74/episodes/29d5e24c-4512-4a61-8142-7a24995cb79d/audio/128/default.mp3?aid=rss_feed&awCollectionId=e83bf197-ae48-4679-bb45-5aa4369b6e74&awEpisodeId=29d5e24c-4512-4a61-8142-7a24995cb79d&feed=zksImfUP
2021-06-18	Care over Caretaking - Loving without Losing Yourself	2537000	https://afp-933324-injected.calisto.simplecastaudio.com/e83bf197-ae48-4679-bb45-5aa4369b6e74/episodes/fb06c8cc-3610-4849-944c-f70c27adfc09/audio/128/default.mp3?aid=rss_feed&awCollectionId=e83bf197-ae48-4679-bb45-5aa4369b6e74&awEpisodeId=fb06c8cc-3610-4849-944c-f70c27adfc09&feed=zksImfUP
2021-07-02	Allowing Yourself to Change (Joe Coaches Brett)	2492000	https://afp-933324-injected.calisto.simplecastaudio.com/e83bf197-ae48-4679-bb45-5aa4369b6e74/episodes/c75ffcd1-f4df-44e4-bb23-0a537f1fa4f3/audio/128/default.mp3?aid=rss_feed&awCollectionId=e83bf197-ae48-4679-bb45-5aa4369b6e74&awEpisodeId=c75ffcd1-f4df-44e4-bb23-0a537f1fa4f3&feed=zksImfUP
2021-07-16	Who is the Voice in Your Head?	2479000	https://afp-933324-injected.calisto.simplecastaudio.com/e83bf197-ae48-4679-bb45-5aa4369b6e74/episodes/0dade605-9011-4783-926f-c690b64f98b0/audio/128/default.mp3?aid=rss_feed&awCollectionId=e83bf197-ae48-4679-bb45-5aa4369b6e74&awEpisodeId=0dade605-9011-4783-926f-c690b64f98b0&feed=zksImfUP
2021-07-30	Your World is a Projection	2264000	https://afp-933324-injected.calisto.simplecastaudio.com/e83bf197-ae48-4679-bb45-5aa4369b6e74/episodes/2cae8d82-d135-4397-a159-ac8c54cff828/audio/128/default.mp3?aid=rss_feed&awCollectionId=e83bf197-ae48-4679-bb45-5aa4369b6e74&awEpisodeId=2cae8d82-d135-4397-a159-ac8c54cff828&feed=zksImfUP
2021-08-13	Seeing Through Family Dynamics	1639000	https://afp-933324-injected.calisto.simplecastaudio.com/e83bf197-ae48-4679-bb45-5aa4369b6e74/episodes/41d16dd3-25bf-45d4-80c2-e22c670c10d1/audio/128/default.mp3?aid=rss_feed&awCollectionId=e83bf197-ae48-4679-bb45-5aa4369b6e74&awEpisodeId=41d16dd3-25bf-45d4-80c2-e22c670c10d1&feed=zksImfUP
2021-08-27	Group Cohesion vs. Cult Dynamics	1402000	https://afp-933324-injected.calisto.simplecastaudio.com/e83bf197-ae48-4679-bb45-5aa4369b6e74/episodes/b06f62c7-ab55-4ceb-8dfd-cce0380f10f3/audio/128/default.mp3?aid=rss_feed&awCollectionId=e83bf197-ae48-4679-bb45-5aa4369b6e74&awEpisodeId=b06f62c7-ab55-4ceb-8dfd-cce0380f10f3&feed=zksImfUP
2021-09-10	Brett Kistler — Welcoming Fear in Extreme Sports, Business and Relationships	2309000	https://afp-933324-injected.calisto.simplecastaudio.com/e83bf197-ae48-4679-bb45-5aa4369b6e74/episodes/90ef22dd-d37d-4953-b6b6-1aee0ac4fc35/audio/128/default.mp3?aid=rss_feed&awCollectionId=e83bf197-ae48-4679-bb45-5aa4369b6e74&awEpisodeId=90ef22dd-d37d-4953-b6b6-1aee0ac4fc35&feed=zksImfUP
2021-09-24	Stages of Emotional Development - Emotion Series #1	1794000	https://afp-933324-injected.calisto.simplecastaudio.com/e83bf197-ae48-4679-bb45-5aa4369b6e74/episodes/b01d4abf-c053-4be3-ac89-59b0e8e6d74d/audio/128/default.mp3?aid=rss_feed&awCollectionId=e83bf197-ae48-4679-bb45-5aa4369b6e74&awEpisodeId=b01d4abf-c053-4be3-ac89-59b0e8e6d74d&feed=zksImfUP
2021-10-08	Embracing Intensity - Emotion Series #2	1433000	https://afp-933324-injected.calisto.simplecastaudio.com/e83bf197-ae48-4679-bb45-5aa4369b6e74/episodes/6a73778f-81e9-4b91-b48c-657825a67f86/audio/128/default.mp3?aid=rss_feed&awCollectionId=e83bf197-ae48-4679-bb45-5aa4369b6e74&awEpisodeId=6a73778f-81e9-4b91-b48c-657825a67f86&feed=zksImfUP
2021-10-15	Ant Taylor on Embracing Emotions	2634000	https://afp-933324-injected.calisto.simplecastaudio.com/e83bf197-ae48-4679-bb45-5aa4369b6e74/episodes/d0368d22-8927-43b8-aa1f-45e2f16d65d6/audio/128/default.mp3?aid=rss_feed&awCollectionId=e83bf197-ae48-4679-bb45-5aa4369b6e74&awEpisodeId=d0368d22-8927-43b8-aa1f-45e2f16d65d6&feed=zksImfUP
2021-10-22	The Wisdom of Anger: Part I - Emotion Series #3	1723000	https://afp-933324-injected.calisto.simplecastaudio.com/e83bf197-ae48-4679-bb45-5aa4369b6e74/episodes/7b55d02c-8079-4b20-9f9d-612e908e24dd/audio/128/default.mp3?aid=rss_feed&awCollectionId=e83bf197-ae48-4679-bb45-5aa4369b6e74&awEpisodeId=7b55d02c-8079-4b20-9f9d-612e908e24dd&feed=zksImfUP
2021-10-29	The Wisdom of Anger: Part II - Emotion Series #4	2199000	https://afp-933324-injected.calisto.simplecastaudio.com/e83bf197-ae48-4679-bb45-5aa4369b6e74/episodes/0aaf94bc-6299-4178-9909-fade686e4dd1/audio/128/default.mp3?aid=rss_feed&awCollectionId=e83bf197-ae48-4679-bb45-5aa4369b6e74&awEpisodeId=0aaf94bc-6299-4178-9909-fade686e4dd1&feed=zksImfUP
2021-11-12	Stacy Brown-Philpot on Reclaiming Abandonment	2192000	https://afp-933324-injected.calisto.simplecastaudio.com/e83bf197-ae48-4679-bb45-5aa4369b6e74/episodes/3ecfb5d6-062c-48ce-84e8-ff21d1978f35/audio/128/default.mp3?aid=rss_feed&awCollectionId=e83bf197-ae48-4679-bb45-5aa4369b6e74&awEpisodeId=3ecfb5d6-062c-48ce-84e8-ff21d1978f35&feed=zksImfUP
2021-11-19	What is Selfishness?	1519000	https://afp-933324-injected.calisto.simplecastaudio.com/e83bf197-ae48-4679-bb45-5aa4369b6e74/episodes/bda2aecd-1aa7-4462-bafa-97d9d0f6520b/audio/128/default.mp3?aid=rss_feed&awCollectionId=e83bf197-ae48-4679-bb45-5aa4369b6e74&awEpisodeId=bda2aecd-1aa7-4462-bafa-97d9d0f6520b&feed=zksImfUP
2021-12-03	Carla Piñeyro Sublett on Finding Compassion in Self-Indulgence	2367000	https://afp-933324-injected.calisto.simplecastaudio.com/e83bf197-ae48-4679-bb45-5aa4369b6e74/episodes/18a2b6a7-8e43-418b-8e25-da6c4baa8119/audio/128/default.mp3?aid=rss_feed&awCollectionId=e83bf197-ae48-4679-bb45-5aa4369b6e74&awEpisodeId=18a2b6a7-8e43-418b-8e25-da6c4baa8119&feed=zksImfUP
2021-12-10	Fear: A Path to Authenticity - Emotion Series #5	2181000	https://afp-933324-injected.calisto.simplecastaudio.com/e83bf197-ae48-4679-bb45-5aa4369b6e74/episodes/4c843774-73ca-4f81-9f6d-4b5717a651e0/audio/128/default.mp3?aid=rss_feed&awCollectionId=e83bf197-ae48-4679-bb45-5aa4369b6e74&awEpisodeId=4c843774-73ca-4f81-9f6d-4b5717a651e0&feed=zksImfUP
2021-12-17	Healing Shame by Being Ourselves (Coaching Session)	2296000	https://afp-933324-injected.calisto.simplecastaudio.com/e83bf197-ae48-4679-bb45-5aa4369b6e74/episodes/e627c667-9c15-42dd-a910-429319bf07fd/audio/128/default.mp3?aid=rss_feed&awCollectionId=e83bf197-ae48-4679-bb45-5aa4369b6e74&awEpisodeId=e627c667-9c15-42dd-a910-429319bf07fd&feed=zksImfUP
2022-01-07	How Your Body Speaks	2498000	https://afp-933324-injected.calisto.simplecastaudio.com/e83bf197-ae48-4679-bb45-5aa4369b6e74/episodes/a43bfa33-819d-414d-9d94-b5f8cd560f8b/audio/128/default.mp3?aid=rss_feed&awCollectionId=e83bf197-ae48-4679-bb45-5aa4369b6e74&awEpisodeId=a43bfa33-819d-414d-9d94-b5f8cd560f8b&feed=zksImfUP
2022-01-15	Sam Altman — Leading with Crippling Anxiety, Discovering Meditation, and Building Intelligence with Self-Awareness	2386000	https://afp-933324-injected.calisto.simplecastaudio.com/e83bf197-ae48-4679-bb45-5aa4369b6e74/episodes/44e7be84-97e0-4b0d-bd9c-999ddfbbb0de/audio/128/default.mp3?aid=rss_feed&awCollectionId=e83bf197-ae48-4679-bb45-5aa4369b6e74&awEpisodeId=44e7be84-97e0-4b0d-bd9c-999ddfbbb0de&feed=zksImfUP
2022-01-21	Anxiety: A Signpost to Unmet Needs - Emotion Series #6	2147000	https://afp-933324-injected.calisto.simplecastaudio.com/e83bf197-ae48-4679-bb45-5aa4369b6e74/episodes/f0f96bed-02e3-4651-aba3-a2f17ac07ba0/audio/128/default.mp3?aid=rss_feed&awCollectionId=e83bf197-ae48-4679-bb45-5aa4369b6e74&awEpisodeId=f0f96bed-02e3-4651-aba3-a2f17ac07ba0&feed=zksImfUP
2022-01-28	Jaime Waydo — Taking Care of Yourself First, Fearlessly Owning Your Desires, Speaking Your Truth and Designing Systems to Support You	2210000	https://afp-933324-injected.calisto.simplecastaudio.com/e83bf197-ae48-4679-bb45-5aa4369b6e74/episodes/52564b66-2b25-4d14-96f0-0b92b1ca2dba/audio/128/default.mp3?aid=rss_feed&awCollectionId=e83bf197-ae48-4679-bb45-5aa4369b6e74&awEpisodeId=52564b66-2b25-4d14-96f0-0b92b1ca2dba&feed=zksImfUP
2022-02-04	The Power Dynamics of Fear - Emotion Series #7	2011000	https://afp-933324-injected.calisto.simplecastaudio.com/e83bf197-ae48-4679-bb45-5aa4369b6e74/episodes/3ca6c1bf-b862-4a8c-8df4-67a2cb52b16d/audio/128/default.mp3?aid=rss_feed&awCollectionId=e83bf197-ae48-4679-bb45-5aa4369b6e74&awEpisodeId=3ca6c1bf-b862-4a8c-8df4-67a2cb52b16d&feed=zksImfUP
2022-02-11	Heather Falenski — Navigating Conflict Zones, Recovering from Chronic Illness, and Being Your Own Light	2254000	https://afp-933324-injected.calisto.simplecastaudio.com/e83bf197-ae48-4679-bb45-5aa4369b6e74/episodes/1c9b6b10-4068-45c0-8947-697c83634573/audio/128/default.mp3?aid=rss_feed&awCollectionId=e83bf197-ae48-4679-bb45-5aa4369b6e74&awEpisodeId=1c9b6b10-4068-45c0-8947-697c83634573&feed=zksImfUP
2022-02-19	Building a Functional Team - Team Series #1	2248000	https://afp-933324-injected.calisto.simplecastaudio.com/e83bf197-ae48-4679-bb45-5aa4369b6e74/episodes/1820fbdb-e86e-41c3-9dd3-fed0bf2cd26e/audio/128/default.mp3?aid=rss_feed&awCollectionId=e83bf197-ae48-4679-bb45-5aa4369b6e74&awEpisodeId=1820fbdb-e86e-41c3-9dd3-fed0bf2cd26e&feed=zksImfUP
2022-03-04	Building a Dysfunctional Team - Team Series #2	1973000	https://afp-933324-injected.calisto.simplecastaudio.com/e83bf197-ae48-4679-bb45-5aa4369b6e74/episodes/bf00b99d-0e34-475e-bc70-9a396f65e6e5/audio/128/default.mp3?aid=rss_feed&awCollectionId=e83bf197-ae48-4679-bb45-5aa4369b6e74&awEpisodeId=bf00b99d-0e34-475e-bc70-9a396f65e6e5&feed=zksImfUP
2022-03-11	How Does Gratitude Create Better Teams?	671000	https://afp-933324-injected.calisto.simplecastaudio.com/e83bf197-ae48-4679-bb45-5aa4369b6e74/episodes/9fce3200-9bfb-48a9-9ee0-885c37d62d5b/audio/128/default.mp3?aid=rss_feed&awCollectionId=e83bf197-ae48-4679-bb45-5aa4369b6e74&awEpisodeId=9fce3200-9bfb-48a9-9ee0-885c37d62d5b&feed=zksImfUP
2022-03-18	What's So Scary About Boundaries?	3480000	https://afp-933324-injected.calisto.simplecastaudio.com/e83bf197-ae48-4679-bb45-5aa4369b6e74/episodes/749b6baf-3dfe-4d34-a6e1-09b1b15ee80e/audio/128/default.mp3?aid=rss_feed&awCollectionId=e83bf197-ae48-4679-bb45-5aa4369b6e74&awEpisodeId=749b6baf-3dfe-4d34-a6e1-09b1b15ee80e&feed=zksImfUP
2022-04-01	Limiting Beliefs: The Hidden Rails That Guide Our Lives	2174000	https://afp-933324-injected.calisto.simplecastaudio.com/e83bf197-ae48-4679-bb45-5aa4369b6e74/episodes/35c3a55c-342d-4135-ae54-06b9756c3d5c/audio/128/default.mp3?aid=rss_feed&awCollectionId=e83bf197-ae48-4679-bb45-5aa4369b6e74&awEpisodeId=35c3a55c-342d-4135-ae54-06b9756c3d5c&feed=zksImfUP
2022-04-15	Joe Sanok — Living on the Road, Opening to Heartbreak and Parenting as a Single Dad	2289000	https://afp-933324-injected.calisto.simplecastaudio.com/e83bf197-ae48-4679-bb45-5aa4369b6e74/episodes/408725fa-8d13-421e-8107-010587bfc87d/audio/128/default.mp3?aid=rss_feed&awCollectionId=e83bf197-ae48-4679-bb45-5aa4369b6e74&awEpisodeId=408725fa-8d13-421e-8107-010587bfc87d&feed=zksImfUP
2022-04-29	Connection: A State Beyond States	2522000	https://afp-933324-injected.calisto.simplecastaudio.com/e83bf197-ae48-4679-bb45-5aa4369b6e74/episodes/e0e2d973-bf44-4fd7-b7d5-668bd51cdab1/audio/128/default.mp3?aid=rss_feed&awCollectionId=e83bf197-ae48-4679-bb45-5aa4369b6e74&awEpisodeId=e0e2d973-bf44-4fd7-b7d5-668bd51cdab1&feed=zksImfUP
2022-05-05	How to Tell if the Master Class Isn’t For You (Bonus Episode)	1367000	https://afp-933324-injected.calisto.simplecastaudio.com/e83bf197-ae48-4679-bb45-5aa4369b6e74/episodes/301df53d-b904-4d17-9827-1d392dadb96b/audio/128/default.mp3?aid=rss_feed&awCollectionId=e83bf197-ae48-4679-bb45-5aa4369b6e74&awEpisodeId=301df53d-b904-4d17-9827-1d392dadb96b&feed=zksImfUP
2022-05-13	Will Chesney — Reintegrating as a Combat Veteran, Surviving a Traumatic Brain Injury and Transcending an Old Identity	2599000	https://afp-933324-injected.calisto.simplecastaudio.com/e83bf197-ae48-4679-bb45-5aa4369b6e74/episodes/95ccb668-9b69-4991-819d-f3b8721cecbb/audio/128/default.mp3?aid=rss_feed&awCollectionId=e83bf197-ae48-4679-bb45-5aa4369b6e74&awEpisodeId=95ccb668-9b69-4991-819d-f3b8721cecbb&feed=zksImfUP
2022-05-27	When the Story Falls Apart: How Beliefs and Emotions Interact	2096000	https://afp-933324-injected.calisto.simplecastaudio.com/e83bf197-ae48-4679-bb45-5aa4369b6e74/episodes/3020f597-d557-464c-bb00-588344e53d2c/audio/128/default.mp3?aid=rss_feed&awCollectionId=e83bf197-ae48-4679-bb45-5aa4369b6e74&awEpisodeId=3020f597-d557-464c-bb00-588344e53d2c&feed=zksImfUP
2022-06-10	Emile DeWeaver — Life After Murder: On Fear, Freedom, and Identity	2930000	https://afp-933324-injected.calisto.simplecastaudio.com/e83bf197-ae48-4679-bb45-5aa4369b6e74/episodes/1078c066-426b-47ac-ab6a-dc6e4c6457fd/audio/128/default.mp3?aid=rss_feed&awCollectionId=e83bf197-ae48-4679-bb45-5aa4369b6e74&awEpisodeId=1078c066-426b-47ac-ab6a-dc6e4c6457fd&feed=zksImfUP
2022-06-24	The Upright Apology: Accountability Without Shame	2041000	https://afp-933324-injected.calisto.simplecastaudio.com/e83bf197-ae48-4679-bb45-5aa4369b6e74/episodes/a552afe6-d7f8-4e49-88c8-8433d851faae/audio/128/default.mp3?aid=rss_feed&awCollectionId=e83bf197-ae48-4679-bb45-5aa4369b6e74&awEpisodeId=a552afe6-d7f8-4e49-88c8-8433d851faae&feed=zksImfUP
2022-07-08	How Do I Trust Myself? (Coaching Session)	2425000	https://afp-933324-injected.calisto.simplecastaudio.com/e83bf197-ae48-4679-bb45-5aa4369b6e74/episodes/47840dd0-c8b2-4d39-9f70-08295753f669/audio/128/default.mp3?aid=rss_feed&awCollectionId=e83bf197-ae48-4679-bb45-5aa4369b6e74&awEpisodeId=47840dd0-c8b2-4d39-9f70-08295753f669&feed=zksImfUP
2022-07-22	The Anatomy of Shame - Emotion Series #8	2587000	https://afp-933324-injected.calisto.simplecastaudio.com/e83bf197-ae48-4679-bb45-5aa4369b6e74/episodes/2c1c56c7-abcc-4242-94d5-38b957cc8440/audio/128/default.mp3?aid=rss_feed&awCollectionId=e83bf197-ae48-4679-bb45-5aa4369b6e74&awEpisodeId=2c1c56c7-abcc-4242-94d5-38b957cc8440&feed=zksImfUP
2022-08-05	Aaron Taylor — Feel Your Way to Freedom: Growing Up Fatherless, Becoming a Father, and Winning a Super Bowl Along the Way	3060000	https://afp-933324-injected.calisto.simplecastaudio.com/e83bf197-ae48-4679-bb45-5aa4369b6e74/episodes/44c600dc-01ee-420d-a0e9-f2f45f72d7ed/audio/128/default.mp3?aid=rss_feed&awCollectionId=e83bf197-ae48-4679-bb45-5aa4369b6e74&awEpisodeId=44c600dc-01ee-420d-a0e9-f2f45f72d7ed&feed=zksImfUP
2022-08-19	The Beauty of Grief — Emotion Series #9	2994000	https://afp-933324-injected.calisto.simplecastaudio.com/e83bf197-ae48-4679-bb45-5aa4369b6e74/episodes/07d3a929-b148-45cf-84f0-70979ee814cc/audio/128/default.mp3?aid=rss_feed&awCollectionId=e83bf197-ae48-4679-bb45-5aa4369b6e74&awEpisodeId=07d3a929-b148-45cf-84f0-70979ee814cc&feed=zksImfUP
2022-09-02	How Relationships Reveal Us — Relationships Series #1	2769000	https://afp-933324-injected.calisto.simplecastaudio.com/e83bf197-ae48-4679-bb45-5aa4369b6e74/episodes/1547d226-f027-4a4d-ba32-bf540cdf3351/audio/128/default.mp3?aid=rss_feed&awCollectionId=e83bf197-ae48-4679-bb45-5aa4369b6e74&awEpisodeId=1547d226-f027-4a4d-ba32-bf540cdf3351&feed=zksImfUP
2022-09-16	Seeing Identity for What It Is	2186000	https://afp-933324-injected.calisto.simplecastaudio.com/e83bf197-ae48-4679-bb45-5aa4369b6e74/episodes/cccbe22d-227d-4d3c-b26b-12e596db41c8/audio/128/default.mp3?aid=rss_feed&awCollectionId=e83bf197-ae48-4679-bb45-5aa4369b6e74&awEpisodeId=cccbe22d-227d-4d3c-b26b-12e596db41c8&feed=zksImfUP
2022-09-30	Triggered! — Relationships Series #2	3303000	https://afp-933324-injected.calisto.simplecastaudio.com/e83bf197-ae48-4679-bb45-5aa4369b6e74/episodes/7251fe57-7040-4e61-a77e-0327728d7fc1/audio/128/default.mp3?aid=rss_feed&awCollectionId=e83bf197-ae48-4679-bb45-5aa4369b6e74&awEpisodeId=7251fe57-7040-4e61-a77e-0327728d7fc1&feed=zksImfUP
2022-10-14	What Can I Do About Overwhelm? — Emotion Series #10	3037000	https://afp-933324-injected.calisto.simplecastaudio.com/e83bf197-ae48-4679-bb45-5aa4369b6e74/episodes/69a86fec-c8f6-416b-908d-e57335b94864/audio/128/default.mp3?aid=rss_feed&awCollectionId=e83bf197-ae48-4679-bb45-5aa4369b6e74&awEpisodeId=69a86fec-c8f6-416b-908d-e57335b94864&feed=zksImfUP
2022-10-28	How to See Through Limiting Beliefs	3025000	https://afp-933324-injected.calisto.simplecastaudio.com/e83bf197-ae48-4679-bb45-5aa4369b6e74/episodes/c664c441-5084-491c-9767-2ba6aa92dc7a/audio/128/default.mp3?aid=rss_feed&awCollectionId=e83bf197-ae48-4679-bb45-5aa4369b6e74&awEpisodeId=c664c441-5084-491c-9767-2ba6aa92dc7a&feed=zksImfUP
2022-11-11	What is Safety? Applying Lessons From Extreme Sports to Life and Business	1359000	https://afp-933324-injected.calisto.simplecastaudio.com/e83bf197-ae48-4679-bb45-5aa4369b6e74/episodes/bfd69baa-b9d5-4711-be3d-bcfc17cf4568/audio/128/default.mp3?aid=rss_feed&awCollectionId=e83bf197-ae48-4679-bb45-5aa4369b6e74&awEpisodeId=bfd69baa-b9d5-4711-be3d-bcfc17cf4568&feed=zksImfUP
2022-11-25	How Can I Make Better Decisions? — Decisions Series #1	2602000	https://afp-933324-injected.calisto.simplecastaudio.com/e83bf197-ae48-4679-bb45-5aa4369b6e74/episodes/1bdc89a6-5815-4709-87bf-fb6d18480d20/audio/128/default.mp3?aid=rss_feed&awCollectionId=e83bf197-ae48-4679-bb45-5aa4369b6e74&awEpisodeId=1bdc89a6-5815-4709-87bf-fb6d18480d20&feed=zksImfUP
2022-12-09	How Do I Stop Postponing My Enjoyment? (Coaching Session)	1885000	https://afp-933324-injected.calisto.simplecastaudio.com/e83bf197-ae48-4679-bb45-5aa4369b6e74/episodes/4c1d1214-25d1-4e3a-86ce-f9b67bb94766/audio/128/default.mp3?aid=rss_feed&awCollectionId=e83bf197-ae48-4679-bb45-5aa4369b6e74&awEpisodeId=4c1d1214-25d1-4e3a-86ce-f9b67bb94766&feed=zksImfUP
2022-12-23	Joe and His Daughter Discuss Fatherhood	1366000	https://afp-933324-injected.calisto.simplecastaudio.com/e83bf197-ae48-4679-bb45-5aa4369b6e74/episodes/ac6ac8d2-aafa-4768-802b-8b7a8aab65c4/audio/128/default.mp3?aid=rss_feed&awCollectionId=e83bf197-ae48-4679-bb45-5aa4369b6e74&awEpisodeId=ac6ac8d2-aafa-4768-802b-8b7a8aab65c4&feed=zksImfUP
2023-01-06	Q&A – Expressing 'Anger At', Playing with Depression, Alone But Not Lonely, Following Connection, Desire and Patience Through Deep Work	2424000	https://afp-933324-injected.calisto.simplecastaudio.com/e83bf197-ae48-4679-bb45-5aa4369b6e74/episodes/efb48257-ae6c-4edd-8d7f-8d12aa01f3e7/audio/128/default.mp3?aid=rss_feed&awCollectionId=e83bf197-ae48-4679-bb45-5aa4369b6e74&awEpisodeId=efb48257-ae6c-4edd-8d7f-8d12aa01f3e7&feed=zksImfUP
2023-01-20	I Can't Hold It All Anymore (Coaching Session)	2722000	https://afp-933324-injected.calisto.simplecastaudio.com/e83bf197-ae48-4679-bb45-5aa4369b6e74/episodes/f5974385-ae46-4f86-a29e-86e6b6c88eb8/audio/128/default.mp3?aid=rss_feed&awCollectionId=e83bf197-ae48-4679-bb45-5aa4369b6e74&awEpisodeId=f5974385-ae46-4f86-a29e-86e6b6c88eb8&feed=zksImfUP
2023-02-03	Making Great Emotional Decisions — Decisions Series #2	2734000	https://afp-933324-injected.calisto.simplecastaudio.com/e83bf197-ae48-4679-bb45-5aa4369b6e74/episodes/62aae0f6-4c67-4aa6-bad8-f897107b4df1/audio/128/default.mp3?aid=rss_feed&awCollectionId=e83bf197-ae48-4679-bb45-5aa4369b6e74&awEpisodeId=62aae0f6-4c67-4aa6-bad8-f897107b4df1&feed=zksImfUP
2023-02-10	The Golden Algorithm — Decisions Series #3	2482000	https://afp-933324-injected.calisto.simplecastaudio.com/e83bf197-ae48-4679-bb45-5aa4369b6e74/episodes/34f54a55-74c7-4144-8db4-d0c4d4271815/audio/128/default.mp3?aid=rss_feed&awCollectionId=e83bf197-ae48-4679-bb45-5aa4369b6e74&awEpisodeId=34f54a55-74c7-4144-8db4-d0c4d4271815&feed=zksImfUP
2023-02-17	Wrestle With Your Principles — Decisions Series #4	2712000	https://afp-933324-injected.calisto.simplecastaudio.com/e83bf197-ae48-4679-bb45-5aa4369b6e74/episodes/13b90cfe-8fea-4869-9586-752261524a2f/audio/128/default.mp3?aid=rss_feed&awCollectionId=e83bf197-ae48-4679-bb45-5aa4369b6e74&awEpisodeId=13b90cfe-8fea-4869-9586-752261524a2f&feed=zksImfUP
2023-03-03	Q&A #2 — Connecting with Difficult People, Calling Up Latent Emotions, Limitations of Joe and Brett's Perspective, Body Contraction and Eye Contact	2509000	https://afp-933324-injected.calisto.simplecastaudio.com/e83bf197-ae48-4679-bb45-5aa4369b6e74/episodes/134b68c7-c9ce-482f-b14d-1121e8ca900f/audio/128/default.mp3?aid=rss_feed&awCollectionId=e83bf197-ae48-4679-bb45-5aa4369b6e74&awEpisodeId=134b68c7-c9ce-482f-b14d-1121e8ca900f&feed=zksImfUP
2023-03-17	Privilege, Pain, and Projection — Joe Hudson’s Story (Part I)	2434000	https://afp-933324-injected.calisto.simplecastaudio.com/e83bf197-ae48-4679-bb45-5aa4369b6e74/episodes/a9a720f3-89dd-46a9-b708-56a9bab13fe2/audio/128/default.mp3?aid=rss_feed&awCollectionId=e83bf197-ae48-4679-bb45-5aa4369b6e74&awEpisodeId=a9a720f3-89dd-46a9-b708-56a9bab13fe2&feed=zksImfUP
2023-03-31	8 Seconds of Oneness — Joe Hudson’s Story (Part II)	1680000	https://afp-933324-injected.calisto.simplecastaudio.com/e83bf197-ae48-4679-bb45-5aa4369b6e74/episodes/26113c1e-f02b-4228-bae9-618936ff5cf4/audio/128/default.mp3?aid=rss_feed&awCollectionId=e83bf197-ae48-4679-bb45-5aa4369b6e74&awEpisodeId=26113c1e-f02b-4228-bae9-618936ff5cf4&feed=zksImfUP
2023-04-14	The Opposite of Trying	2097000	https://afp-933324-injected.calisto.simplecastaudio.com/e83bf197-ae48-4679-bb45-5aa4369b6e74/episodes/931b57c7-ec6f-456e-8a26-09f60b52b409/audio/128/default.mp3?aid=rss_feed&awCollectionId=e83bf197-ae48-4679-bb45-5aa4369b6e74&awEpisodeId=931b57c7-ec6f-456e-8a26-09f60b52b409&feed=zksImfUP
2023-04-28	How Love Gets Confused	2060000	https://afp-933324-injected.calisto.simplecastaudio.com/e83bf197-ae48-4679-bb45-5aa4369b6e74/episodes/fd1e0135-b161-41c4-9336-31f12ba69a62/audio/128/default.mp3?aid=rss_feed&awCollectionId=e83bf197-ae48-4679-bb45-5aa4369b6e74&awEpisodeId=fd1e0135-b161-41c4-9336-31f12ba69a62&feed=zksImfUP
2023-05-12	Who Owns Your Authority?	2855000	https://afp-933324-injected.calisto.simplecastaudio.com/e83bf197-ae48-4679-bb45-5aa4369b6e74/episodes/52260416-755c-4aed-b494-61544ecfb846/audio/128/default.mp3?aid=rss_feed&awCollectionId=e83bf197-ae48-4679-bb45-5aa4369b6e74&awEpisodeId=52260416-755c-4aed-b494-61544ecfb846&feed=zksImfUP
2023-05-26	Tara Howley — From Insight to Wisdom	1909000	https://afp-933324-injected.calisto.simplecastaudio.com/e83bf197-ae48-4679-bb45-5aa4369b6e74/episodes/ca694fac-8a52-4963-910c-96bd618c4be8/audio/128/default.mp3?aid=rss_feed&awCollectionId=e83bf197-ae48-4679-bb45-5aa4369b6e74&awEpisodeId=ca694fac-8a52-4963-910c-96bd618c4be8&feed=zksImfUP
2023-06-09	Marriage, Love, and Death	2811000	https://afp-933324-injected.calisto.simplecastaudio.com/e83bf197-ae48-4679-bb45-5aa4369b6e74/episodes/d00d55dd-de77-4069-87c3-b30465535f03/audio/128/default.mp3?aid=rss_feed&awCollectionId=e83bf197-ae48-4679-bb45-5aa4369b6e74&awEpisodeId=d00d55dd-de77-4069-87c3-b30465535f03&feed=zksImfUP
2023-06-23	Exploring Depression in the Head, Heart, and Gut — Emotion Series #11	2320000	https://afp-933324-injected.calisto.simplecastaudio.com/e83bf197-ae48-4679-bb45-5aa4369b6e74/episodes/ebff11b7-c6c9-467b-bbb3-88c226041a84/audio/128/default.mp3?aid=rss_feed&awCollectionId=e83bf197-ae48-4679-bb45-5aa4369b6e74&awEpisodeId=ebff11b7-c6c9-467b-bbb3-88c226041a84&feed=zksImfUP
2023-07-07	Much Ado About Money	2726000	https://afp-933324-injected.calisto.simplecastaudio.com/e83bf197-ae48-4679-bb45-5aa4369b6e74/episodes/002a9610-b730-4bc7-8a6f-836b4dcd72f1/audio/128/default.mp3?aid=rss_feed&awCollectionId=e83bf197-ae48-4679-bb45-5aa4369b6e74&awEpisodeId=002a9610-b730-4bc7-8a6f-836b4dcd72f1&feed=zksImfUP
2023-07-21	Helplessness: The Cayenne Pepper of Fear — Emotion Series #12	2251000	https://afp-933324-injected.calisto.simplecastaudio.com/e83bf197-ae48-4679-bb45-5aa4369b6e74/episodes/98176619-e4c9-493d-945d-69c04979e4e8/audio/128/default.mp3?aid=rss_feed&awCollectionId=e83bf197-ae48-4679-bb45-5aa4369b6e74&awEpisodeId=98176619-e4c9-493d-945d-69c04979e4e8&feed=zksImfUP
2023-08-04	Addressing Conflict Avoidance: Finding Connection in Disagreement	2186000	https://afp-933324-injected.calisto.simplecastaudio.com/e83bf197-ae48-4679-bb45-5aa4369b6e74/episodes/2e8b59a3-447b-486c-854e-a6ff14932571/audio/128/default.mp3?aid=rss_feed&awCollectionId=e83bf197-ae48-4679-bb45-5aa4369b6e74&awEpisodeId=2e8b59a3-447b-486c-854e-a6ff14932571&feed=zksImfUP
2023-08-18	Business as a Spiritual Practice	2229000	https://afp-933324-injected.calisto.simplecastaudio.com/e83bf197-ae48-4679-bb45-5aa4369b6e74/episodes/0ac67109-e5cc-479c-a9e5-ab0f5c2713ee/audio/128/default.mp3?aid=rss_feed&awCollectionId=e83bf197-ae48-4679-bb45-5aa4369b6e74&awEpisodeId=0ac67109-e5cc-479c-a9e5-ab0f5c2713ee&feed=zksImfUP
2023-09-01	The Burnout Cycle	1916000	https://afp-933324-injected.calisto.simplecastaudio.com/e83bf197-ae48-4679-bb45-5aa4369b6e74/episodes/d8c6aa5e-ac6c-4ca5-bc72-9760451a339b/audio/128/default.mp3?aid=rss_feed&awCollectionId=e83bf197-ae48-4679-bb45-5aa4369b6e74&awEpisodeId=d8c6aa5e-ac6c-4ca5-bc72-9760451a339b&feed=zksImfUP
2023-09-15	Humility	2977000	https://afp-933324-injected.calisto.simplecastaudio.com/e83bf197-ae48-4679-bb45-5aa4369b6e74/episodes/27e52e6d-ee16-4eb6-8c73-7e87f5ffbf28/audio/128/default.mp3?aid=rss_feed&awCollectionId=e83bf197-ae48-4679-bb45-5aa4369b6e74&awEpisodeId=27e52e6d-ee16-4eb6-8c73-7e87f5ffbf28&feed=zksImfUP
2023-09-29	Finding Community	2050000	https://afp-933324-injected.calisto.simplecastaudio.com/e83bf197-ae48-4679-bb45-5aa4369b6e74/episodes/253d34dc-4ab2-4bc6-be1b-85845df3b2ec/audio/128/default.mp3?aid=rss_feed&awCollectionId=e83bf197-ae48-4679-bb45-5aa4369b6e74&awEpisodeId=253d34dc-4ab2-4bc6-be1b-85845df3b2ec&feed=zksImfUP
2023-10-13	Parenthood	3056000	https://afp-933324-injected.calisto.simplecastaudio.com/e83bf197-ae48-4679-bb45-5aa4369b6e74/episodes/db41c31c-802b-4dcc-94b4-7ab7ba21632e/audio/128/default.mp3?aid=rss_feed&awCollectionId=e83bf197-ae48-4679-bb45-5aa4369b6e74&awEpisodeId=db41c31c-802b-4dcc-94b4-7ab7ba21632e&feed=zksImfUP
2023-10-27	Emotional Fluidity - Emotion Series #13	1804000	https://afp-933324-injected.calisto.simplecastaudio.com/e83bf197-ae48-4679-bb45-5aa4369b6e74/episodes/cbc6a762-662f-49ec-a05b-9b0861fcc23d/audio/128/default.mp3?aid=rss_feed&awCollectionId=e83bf197-ae48-4679-bb45-5aa4369b6e74&awEpisodeId=cbc6a762-662f-49ec-a05b-9b0861fcc23d&feed=zksImfUP
2023-11-10	Finding a Romantic Partner — Relationships Series #3	2070000	https://afp-933324-injected.calisto.simplecastaudio.com/e83bf197-ae48-4679-bb45-5aa4369b6e74/episodes/d4907c11-4e73-4325-95d0-1271136f55a3/audio/128/default.mp3?aid=rss_feed&awCollectionId=e83bf197-ae48-4679-bb45-5aa4369b6e74&awEpisodeId=d4907c11-4e73-4325-95d0-1271136f55a3&feed=zksImfUP
2023-11-24	What We're Afraid to Lose	2257000	https://afp-933324-injected.calisto.simplecastaudio.com/e83bf197-ae48-4679-bb45-5aa4369b6e74/episodes/3bd3efc0-9a73-49b5-8216-1468975ef8b6/audio/128/default.mp3?aid=rss_feed&awCollectionId=e83bf197-ae48-4679-bb45-5aa4369b6e74&awEpisodeId=3bd3efc0-9a73-49b5-8216-1468975ef8b6&feed=zksImfUP
2023-12-08	What's Your Scorecard? (Coaching Session)	2382000	https://afp-933324-injected.calisto.simplecastaudio.com/e83bf197-ae48-4679-bb45-5aa4369b6e74/episodes/e92730fd-5993-4125-83ac-01ef1a1a57bb/audio/128/default.mp3?aid=rss_feed&awCollectionId=e83bf197-ae48-4679-bb45-5aa4369b6e74&awEpisodeId=e92730fd-5993-4125-83ac-01ef1a1a57bb&feed=zksImfUP
2023-12-22	The Shame Hot Potato	1937000	https://afp-933324-injected.calisto.simplecastaudio.com/e83bf197-ae48-4679-bb45-5aa4369b6e74/episodes/d3ee1f58-df14-4cdc-8f8a-32faa7b68a77/audio/128/default.mp3?aid=rss_feed&awCollectionId=e83bf197-ae48-4679-bb45-5aa4369b6e74&awEpisodeId=d3ee1f58-df14-4cdc-8f8a-32faa7b68a77&feed=zksImfUP
2024-01-05	Coaching as a Practice	2409000	https://afp-933324-injected.calisto.simplecastaudio.com/e83bf197-ae48-4679-bb45-5aa4369b6e74/episodes/73c12bee-130e-426d-91e4-396985bc8af8/audio/128/default.mp3?aid=rss_feed&awCollectionId=e83bf197-ae48-4679-bb45-5aa4369b6e74&awEpisodeId=73c12bee-130e-426d-91e4-396985bc8af8&feed=zksImfUP
2024-01-19	Emotional Inquiry - Emotion Series #14	1593000	https://afp-933324-injected.calisto.simplecastaudio.com/e83bf197-ae48-4679-bb45-5aa4369b6e74/episodes/1dc0aa86-1bb8-4f7d-8191-62341789c356/audio/128/default.mp3?aid=rss_feed&awCollectionId=e83bf197-ae48-4679-bb45-5aa4369b6e74&awEpisodeId=1dc0aa86-1bb8-4f7d-8191-62341789c356&feed=zksImfUP
2024-02-02	A Workshop for Welcoming Fear	2434000	https://afp-933324-injected.calisto.simplecastaudio.com/e83bf197-ae48-4679-bb45-5aa4369b6e74/episodes/23673819-4f77-40c0-b4aa-9ae56dbbc596/audio/128/default.mp3?aid=rss_feed&awCollectionId=e83bf197-ae48-4679-bb45-5aa4369b6e74&awEpisodeId=23673819-4f77-40c0-b4aa-9ae56dbbc596&feed=zksImfUP
2024-02-16	‘WTF is a Nervous System?’ with Jonny Miller	3252000	https://afp-933324-injected.calisto.simplecastaudio.com/e83bf197-ae48-4679-bb45-5aa4369b6e74/episodes/9fc5e3c3-dd48-48e9-b783-fdfb490409c8/audio/128/default.mp3?aid=rss_feed&awCollectionId=e83bf197-ae48-4679-bb45-5aa4369b6e74&awEpisodeId=9fc5e3c3-dd48-48e9-b783-fdfb490409c8&feed=zksImfUP
2024-03-01	Love and Obligation	2322000	https://afp-933324-injected.calisto.simplecastaudio.com/e83bf197-ae48-4679-bb45-5aa4369b6e74/episodes/e892e71a-9c7d-491d-bc91-32d8e18daeae/audio/128/default.mp3?aid=rss_feed&awCollectionId=e83bf197-ae48-4679-bb45-5aa4369b6e74&awEpisodeId=e892e71a-9c7d-491d-bc91-32d8e18daeae&feed=zksImfUP
2024-03-07	Ali Abdaal - How Connection Can Change Your Life (Coaching Session)	3226000	https://afp-933324-injected.calisto.simplecastaudio.com/e83bf197-ae48-4679-bb45-5aa4369b6e74/episodes/8a376c9a-2d95-4c47-825a-6ce47e8d84cf/audio/128/default.mp3?aid=rss_feed&awCollectionId=e83bf197-ae48-4679-bb45-5aa4369b6e74&awEpisodeId=8a376c9a-2d95-4c47-825a-6ce47e8d84cf&feed=zksImfUP
2024-03-15	Joy - Emotion Series #15	2232000	https://afp-933324-injected.calisto.simplecastaudio.com/e83bf197-ae48-4679-bb45-5aa4369b6e74/episodes/5da69e8f-f174-4134-b22a-e5aa29ba5435/audio/128/default.mp3?aid=rss_feed&awCollectionId=e83bf197-ae48-4679-bb45-5aa4369b6e74&awEpisodeId=5da69e8f-f174-4134-b22a-e5aa29ba5435&feed=zksImfUP
2024-03-29	Listening	2085000	https://afp-933324-injected.calisto.simplecastaudio.com/e83bf197-ae48-4679-bb45-5aa4369b6e74/episodes/5cf327c9-126b-4a61-b3f9-b961b401fe2b/audio/128/default.mp3?aid=rss_feed&awCollectionId=e83bf197-ae48-4679-bb45-5aa4369b6e74&awEpisodeId=5cf327c9-126b-4a61-b3f9-b961b401fe2b&feed=zksImfUP
2024-04-06	Speaking Authentically with Tristan de Montebello	2642000	https://afp-933324-injected.calisto.simplecastaudio.com/e83bf197-ae48-4679-bb45-5aa4369b6e74/episodes/06e5f033-5024-45f5-885c-2b5687aeef4a/audio/128/default.mp3?aid=rss_feed&awCollectionId=e83bf197-ae48-4679-bb45-5aa4369b6e74&awEpisodeId=06e5f033-5024-45f5-885c-2b5687aeef4a&feed=zksImfUP
2024-04-12	How Do I Stop Being Misunderstood? (Coaching Session)	2470000	https://afp-933324-injected.calisto.simplecastaudio.com/e83bf197-ae48-4679-bb45-5aa4369b6e74/episodes/721bbbba-009a-4d21-909b-98d18bb3808f/audio/128/default.mp3?aid=rss_feed&awCollectionId=e83bf197-ae48-4679-bb45-5aa4369b6e74&awEpisodeId=721bbbba-009a-4d21-909b-98d18bb3808f&feed=zksImfUP
2024-04-26	Question the Assumption	2219000	https://afp-933324-injected.calisto.simplecastaudio.com/e83bf197-ae48-4679-bb45-5aa4369b6e74/episodes/70c07fe6-7b0d-4d9e-8856-9953e00a925a/audio/128/default.mp3?aid=rss_feed&awCollectionId=e83bf197-ae48-4679-bb45-5aa4369b6e74&awEpisodeId=70c07fe6-7b0d-4d9e-8856-9953e00a925a&feed=zksImfUP
2024-05-03	What Changed After Master Class?	3343000	https://afp-933324-injected.calisto.simplecastaudio.com/e83bf197-ae48-4679-bb45-5aa4369b6e74/episodes/8e17f35c-7140-4c46-aa1a-da3383bcfa9a/audio/128/default.mp3?aid=rss_feed&awCollectionId=e83bf197-ae48-4679-bb45-5aa4369b6e74&awEpisodeId=8e17f35c-7140-4c46-aa1a-da3383bcfa9a&feed=zksImfUP
2024-05-10	Gratitude	3186000	https://afp-933324-injected.calisto.simplecastaudio.com/e83bf197-ae48-4679-bb45-5aa4369b6e74/episodes/4655cb5e-ee82-4aa8-bb01-9ed7eef29238/audio/128/default.mp3?aid=rss_feed&awCollectionId=e83bf197-ae48-4679-bb45-5aa4369b6e74&awEpisodeId=4655cb5e-ee82-4aa8-bb01-9ed7eef29238&feed=zksImfUP
2024-05-17	Happiness, the New Way – Joe Hudson with Stephanie Harrison	2993000	https://afp-933324-injected.calisto.simplecastaudio.com/e83bf197-ae48-4679-bb45-5aa4369b6e74/episodes/988caabd-81b4-48d8-9adf-65482197ad11/audio/128/default.mp3?aid=rss_feed&awCollectionId=e83bf197-ae48-4679-bb45-5aa4369b6e74&awEpisodeId=988caabd-81b4-48d8-9adf-65482197ad11&feed=zksImfUP
2024-05-24	Q&A #3—Ambition, Narcissistic Parents, Addiction to Stress, Parenting Emotional Experiences, Emotional Fluidity	2886000	https://afp-933324-injected.calisto.simplecastaudio.com/e83bf197-ae48-4679-bb45-5aa4369b6e74/episodes/65dcfe7f-41c1-4543-a2bc-2369540a75ba/audio/128/default.mp3?aid=rss_feed&awCollectionId=e83bf197-ae48-4679-bb45-5aa4369b6e74&awEpisodeId=65dcfe7f-41c1-4543-a2bc-2369540a75ba&feed=zksImfUP
2024-06-07	Joe and Esme — The Teenage Years	2461000	https://afp-933324-injected.calisto.simplecastaudio.com/e83bf197-ae48-4679-bb45-5aa4369b6e74/episodes/93dcf5e6-cb32-438b-91ba-87f6c8b1b279/audio/128/default.mp3?aid=rss_feed&awCollectionId=e83bf197-ae48-4679-bb45-5aa4369b6e74&awEpisodeId=93dcf5e6-cb32-438b-91ba-87f6c8b1b279&feed=zksImfUP
2024-06-21	How Do I Get Unstuck? (Coaching Session Breakdown)	1903000	https://afp-933324-injected.calisto.simplecastaudio.com/e83bf197-ae48-4679-bb45-5aa4369b6e74/episodes/f70ef059-3c7f-4d64-9fd5-22b6f5d55081/audio/128/default.mp3?aid=rss_feed&awCollectionId=e83bf197-ae48-4679-bb45-5aa4369b6e74&awEpisodeId=f70ef059-3c7f-4d64-9fd5-22b6f5d55081&feed=zksImfUP
2024-07-05	Passive Aggression	2776000	https://afp-933324-injected.calisto.simplecastaudio.com/e83bf197-ae48-4679-bb45-5aa4369b6e74/episodes/fcd44844-fe20-4214-8f51-5b2e062520e6/audio/128/default.mp3?aid=rss_feed&awCollectionId=e83bf197-ae48-4679-bb45-5aa4369b6e74&awEpisodeId=fcd44844-fe20-4214-8f51-5b2e062520e6&feed=zksImfUP
2024-07-19	Failure	2540000	https://afp-933324-injected.calisto.simplecastaudio.com/e83bf197-ae48-4679-bb45-5aa4369b6e74/episodes/f7936246-59ba-4c80-a953-58b474008965/audio/128/default.mp3?aid=rss_feed&awCollectionId=e83bf197-ae48-4679-bb45-5aa4369b6e74&awEpisodeId=f7936246-59ba-4c80-a953-58b474008965&feed=zksImfUP
2024-08-02	When Will I Be Enough? (Coaching Session)	2147000	https://afp-933324-injected.calisto.simplecastaudio.com/e83bf197-ae48-4679-bb45-5aa4369b6e74/episodes/dfb14fcc-0fd6-4328-840a-b05110276acf/audio/128/default.mp3?aid=rss_feed&awCollectionId=e83bf197-ae48-4679-bb45-5aa4369b6e74&awEpisodeId=dfb14fcc-0fd6-4328-840a-b05110276acf&feed=zksImfUP
2024-08-16	The Desire To Be Seen with Tara Howley	2115000	https://afp-933324-injected.calisto.simplecastaudio.com/e83bf197-ae48-4679-bb45-5aa4369b6e74/episodes/1085b0ef-e8c8-4a26-a37b-d11b1b63eff7/audio/128/default.mp3?aid=rss_feed&awCollectionId=e83bf197-ae48-4679-bb45-5aa4369b6e74&awEpisodeId=1085b0ef-e8c8-4a26-a37b-d11b1b63eff7&feed=zksImfUP
2024-08-30	Loving the No (Coaching Session Breakdown)	1572000	https://afp-933324-injected.calisto.simplecastaudio.com/e83bf197-ae48-4679-bb45-5aa4369b6e74/episodes/147e6575-5052-42e8-92fb-4a922600e547/audio/128/default.mp3?aid=rss_feed&awCollectionId=e83bf197-ae48-4679-bb45-5aa4369b6e74&awEpisodeId=147e6575-5052-42e8-92fb-4a922600e547&feed=zksImfUP
2024-09-13	Authority Issues	3084000	https://afp-933324-injected.calisto.simplecastaudio.com/e83bf197-ae48-4679-bb45-5aa4369b6e74/episodes/5e0b3d1b-be0c-428f-9cb3-cd9b363c01ee/audio/128/default.mp3?aid=rss_feed&awCollectionId=e83bf197-ae48-4679-bb45-5aa4369b6e74&awEpisodeId=5e0b3d1b-be0c-428f-9cb3-cd9b363c01ee&feed=zksImfUP
2024-09-27	Pleasure	2616000	https://afp-933324-injected.calisto.simplecastaudio.com/e83bf197-ae48-4679-bb45-5aa4369b6e74/episodes/4cc8531a-2d55-48e8-9af4-eae66a661854/audio/128/default.mp3?aid=rss_feed&awCollectionId=e83bf197-ae48-4679-bb45-5aa4369b6e74&awEpisodeId=4cc8531a-2d55-48e8-9af4-eae66a661854&feed=zksImfUP
2024-10-11	How Experiments Will Change Your Life	2824000	https://afp-933324-injected.calisto.simplecastaudio.com/e83bf197-ae48-4679-bb45-5aa4369b6e74/episodes/e7ff700c-78b6-40af-a04c-10e96f1d1b3c/audio/128/default.mp3?aid=rss_feed&awCollectionId=e83bf197-ae48-4679-bb45-5aa4369b6e74&awEpisodeId=e7ff700c-78b6-40af-a04c-10e96f1d1b3c&feed=zksImfUP
2024-10-25	How To Fight Well	3175000	https://afp-933324-injected.calisto.simplecastaudio.com/e83bf197-ae48-4679-bb45-5aa4369b6e74/episodes/24af33c3-7518-4860-9ef0-e336b54b9ea7/audio/128/default.mp3?aid=rss_feed&awCollectionId=e83bf197-ae48-4679-bb45-5aa4369b6e74&awEpisodeId=24af33c3-7518-4860-9ef0-e336b54b9ea7&feed=zksImfUP
2024-11-08	The Elephant In The Room: How To Say What No One Wants To Say	2355000	https://afp-933324-injected.calisto.simplecastaudio.com/e83bf197-ae48-4679-bb45-5aa4369b6e74/episodes/132dcd29-51e6-4f01-8c72-672ced635abe/audio/128/default.mp3?aid=rss_feed&awCollectionId=e83bf197-ae48-4679-bb45-5aa4369b6e74&awEpisodeId=132dcd29-51e6-4f01-8c72-672ced635abe&feed=zksImfUP
2024-11-22	How to Build a Great Support System	1864000	https://afp-933324-injected.calisto.simplecastaudio.com/e83bf197-ae48-4679-bb45-5aa4369b6e74/episodes/a8e7a981-ab63-4b2d-9a7f-18e8a444a472/audio/128/default.mp3?aid=rss_feed&awCollectionId=e83bf197-ae48-4679-bb45-5aa4369b6e74&awEpisodeId=a8e7a981-ab63-4b2d-9a7f-18e8a444a472&feed=zksImfUP
2024-12-06	How Death Brings Life Closer	1671000	https://afp-933324-injected.calisto.simplecastaudio.com/e83bf197-ae48-4679-bb45-5aa4369b6e74/episodes/eac71d7c-fdba-4665-837c-ce00a14ef0bc/audio/128/default.mp3?aid=rss_feed&awCollectionId=e83bf197-ae48-4679-bb45-5aa4369b6e74&awEpisodeId=eac71d7c-fdba-4665-837c-ce00a14ef0bc&feed=zksImfUP
2024-12-20	How To Find Your Purpose	1197000	https://afp-933324-injected.calisto.simplecastaudio.com/e83bf197-ae48-4679-bb45-5aa4369b6e74/episodes/cc2aad77-a200-45fd-bcd2-3ab522b03063/audio/128/default.mp3?aid=rss_feed&awCollectionId=e83bf197-ae48-4679-bb45-5aa4369b6e74&awEpisodeId=cc2aad77-a200-45fd-bcd2-3ab522b03063&feed=zksImfUP
2025-01-03	The Secret to Thriving Company Culture	2027000	https://afp-933324-injected.calisto.simplecastaudio.com/e83bf197-ae48-4679-bb45-5aa4369b6e74/episodes/2e2f0060-d194-4dc0-bf8e-2f375d70ac37/audio/128/default.mp3?aid=rss_feed&awCollectionId=e83bf197-ae48-4679-bb45-5aa4369b6e74&awEpisodeId=2e2f0060-d194-4dc0-bf8e-2f375d70ac37&feed=zksImfUP
2025-01-17	Your Obsession With Productivity Is Killing Your Productivity	2160000	https://afp-933324-injected.calisto.simplecastaudio.com/e83bf197-ae48-4679-bb45-5aa4369b6e74/episodes/60f4cb63-a082-48a0-8363-8230ef43aeef/audio/128/default.mp3?aid=rss_feed&awCollectionId=e83bf197-ae48-4679-bb45-5aa4369b6e74&awEpisodeId=60f4cb63-a082-48a0-8363-8230ef43aeef&feed=zksImfUP
2025-01-31	Self-Reliance Is A Trap	1578000	https://afp-933324-injected.calisto.simplecastaudio.com/e83bf197-ae48-4679-bb45-5aa4369b6e74/episodes/4c745367-cb6d-4b0d-9774-cf251ad90c87/audio/128/default.mp3?aid=rss_feed&awCollectionId=e83bf197-ae48-4679-bb45-5aa4369b6e74&awEpisodeId=4c745367-cb6d-4b0d-9774-cf251ad90c87&feed=zksImfUP
2025-02-14	How Generosity Improves Your Well-Being	1593000	https://afp-933324-injected.calisto.simplecastaudio.com/e83bf197-ae48-4679-bb45-5aa4369b6e74/episodes/3d1c7bb4-7179-4738-9c20-f482f8f18ba6/audio/128/default.mp3?aid=rss_feed&awCollectionId=e83bf197-ae48-4679-bb45-5aa4369b6e74&awEpisodeId=3d1c7bb4-7179-4738-9c20-f482f8f18ba6&feed=zksImfUP
2025-02-28	So You’re Not Dead Yet: Lessons From Chemotherapy | Tara Howley with Guest Michael Nagle	1759000	https://afp-933324-injected.calisto.simplecastaudio.com/e83bf197-ae48-4679-bb45-5aa4369b6e74/episodes/206d51a2-80b6-4b74-a412-abef854e9519/audio/128/default.mp3?aid=rss_feed&awCollectionId=e83bf197-ae48-4679-bb45-5aa4369b6e74&awEpisodeId=206d51a2-80b6-4b74-a412-abef854e9519&feed=zksImfUP
2025-03-14	How To Stop Seeking Approval	1586000	https://afp-933324-injected.calisto.simplecastaudio.com/e83bf197-ae48-4679-bb45-5aa4369b6e74/episodes/60b565c0-6e01-4829-aea0-855035713f33/audio/128/default.mp3?aid=rss_feed&awCollectionId=e83bf197-ae48-4679-bb45-5aa4369b6e74&awEpisodeId=60b565c0-6e01-4829-aea0-855035713f33&feed=zksImfUP
2025-03-28	How to Be a Parent (Without Messing Everything Up) | Joe Hudson and Nathan Baschez	2017000	https://afp-933324-injected.calisto.simplecastaudio.com/e83bf197-ae48-4679-bb45-5aa4369b6e74/episodes/e290ba14-a5ef-42b6-85be-9dfa5e35969a/audio/128/default.mp3?aid=rss_feed&awCollectionId=e83bf197-ae48-4679-bb45-5aa4369b6e74&awEpisodeId=e290ba14-a5ef-42b6-85be-9dfa5e35969a&feed=zksImfUP
2025-04-11	Money Worries, Identity, and the Trap of Being 'Good’ (Coaching Episode)	3381000	https://afp-933324-injected.calisto.simplecastaudio.com/e83bf197-ae48-4679-bb45-5aa4369b6e74/episodes/e99d3baf-a841-4f0d-88f4-df94f12fa703/audio/128/default.mp3?aid=rss_feed&awCollectionId=e83bf197-ae48-4679-bb45-5aa4369b6e74&awEpisodeId=e99d3baf-a841-4f0d-88f4-df94f12fa703&feed=zksImfUP
2025-04-25	Making The Most of Uncertainty	2125000	https://afp-933324-injected.calisto.simplecastaudio.com/e83bf197-ae48-4679-bb45-5aa4369b6e74/episodes/c6ef091d-5b0e-491b-9d87-7b47aaaf5a90/audio/128/default.mp3?aid=rss_feed&awCollectionId=e83bf197-ae48-4679-bb45-5aa4369b6e74&awEpisodeId=c6ef091d-5b0e-491b-9d87-7b47aaaf5a90&feed=zksImfUP
2025-05-09	Why Your Goals Are Making You Miserable	1787000	https://afp-933324-injected.calisto.simplecastaudio.com/e83bf197-ae48-4679-bb45-5aa4369b6e74/episodes/a363cb20-c6b1-4078-b93b-fd401d4a685e/audio/128/default.mp3?aid=rss_feed&awCollectionId=e83bf197-ae48-4679-bb45-5aa4369b6e74&awEpisodeId=a363cb20-c6b1-4078-b93b-fd401d4a685e&feed=zksImfUP
2025-05-23	What Is Attunement?	1904000	https://afp-933324-injected.calisto.simplecastaudio.com/e83bf197-ae48-4679-bb45-5aa4369b6e74/episodes/7255ec5b-45f9-4972-b11d-d7cf8c24d079/audio/128/default.mp3?aid=rss_feed&awCollectionId=e83bf197-ae48-4679-bb45-5aa4369b6e74&awEpisodeId=7255ec5b-45f9-4972-b11d-d7cf8c24d079&feed=zksImfUP
2025-06-06	How Do I Love Myself? (Coaching Session Breakdown)	1721000	https://afp-933324-injected.calisto.simplecastaudio.com/e83bf197-ae48-4679-bb45-5aa4369b6e74/episodes/70ba76ee-f90b-413c-9018-2b4cdd40d89f/audio/128/default.mp3?aid=rss_feed&awCollectionId=e83bf197-ae48-4679-bb45-5aa4369b6e74&awEpisodeId=70ba76ee-f90b-413c-9018-2b4cdd40d89f&feed=zksImfUP
2025-06-20	How Joe and Tara Became Joe and Tara (Modern Relationships Podcast)	3290000	https://afp-933324-injected.calisto.simplecastaudio.com/e83bf197-ae48-4679-bb45-5aa4369b6e74/episodes/c8059150-02ec-486f-a14c-e1e3d415399c/audio/128/default.mp3?aid=rss_feed&awCollectionId=e83bf197-ae48-4679-bb45-5aa4369b6e74&awEpisodeId=c8059150-02ec-486f-a14c-e1e3d415399c&feed=zksImfUP
2025-07-04	Doubt: The Key To Authentic Confidence (Coaching Session Breakdown)	2015000	https://afp-933324-injected.calisto.simplecastaudio.com/e83bf197-ae48-4679-bb45-5aa4369b6e74/episodes/a0150f45-6ba4-4616-b526-ca39e0d9a9e9/audio/128/default.mp3?aid=rss_feed&awCollectionId=e83bf197-ae48-4679-bb45-5aa4369b6e74&awEpisodeId=a0150f45-6ba4-4616-b526-ca39e0d9a9e9&feed=zksImfUP
2025-07-18	What It’s Like To Live Your Purpose	2294000	https://afp-933324-injected.calisto.simplecastaudio.com/e83bf197-ae48-4679-bb45-5aa4369b6e74/episodes/d3668aaa-fccd-4958-b614-7961b31080de/audio/128/default.mp3?aid=rss_feed&awCollectionId=e83bf197-ae48-4679-bb45-5aa4369b6e74&awEpisodeId=d3668aaa-fccd-4958-b614-7961b31080de&feed=zksImfUP
2025-08-01	How To Get Unstuck	2007000	https://afp-933324-injected.calisto.simplecastaudio.com/e83bf197-ae48-4679-bb45-5aa4369b6e74/episodes/8755843d-c110-4efa-91c0-bd83b5af73a8/audio/128/default.mp3?aid=rss_feed&awCollectionId=e83bf197-ae48-4679-bb45-5aa4369b6e74&awEpisodeId=8755843d-c110-4efa-91c0-bd83b5af73a8&feed=zksImfUP
2025-08-15	What To Do About Stage Fright	1603000	https://afp-933324-injected.calisto.simplecastaudio.com/e83bf197-ae48-4679-bb45-5aa4369b6e74/episodes/646514eb-d431-499f-a027-999ae9b8db6f/audio/128/default.mp3?aid=rss_feed&awCollectionId=e83bf197-ae48-4679-bb45-5aa4369b6e74&awEpisodeId=646514eb-d431-499f-a027-999ae9b8db6f&feed=zksImfUP
2025-08-29	How to Break Free from Loneliness	1911000	https://afp-933324-injected.calisto.simplecastaudio.com/e83bf197-ae48-4679-bb45-5aa4369b6e74/episodes/9a1736fb-b1a6-4345-b47e-4618491856b5/audio/128/default.mp3?aid=rss_feed&awCollectionId=e83bf197-ae48-4679-bb45-5aa4369b6e74&awEpisodeId=9a1736fb-b1a6-4345-b47e-4618491856b5&feed=zksImfUP
2025-09-12	Why You Never Have Enough Time	2033000	https://afp-933324-injected.calisto.simplecastaudio.com/e83bf197-ae48-4679-bb45-5aa4369b6e74/episodes/a031962c-c250-4b7d-8b2f-b66afc1d656f/audio/128/default.mp3?aid=rss_feed&awCollectionId=e83bf197-ae48-4679-bb45-5aa4369b6e74&awEpisodeId=a031962c-c250-4b7d-8b2f-b66afc1d656f&feed=zksImfUP
2025-09-26	How to End Procrastination Now	1920000	https://afp-933324-injected.calisto.simplecastaudio.com/e83bf197-ae48-4679-bb45-5aa4369b6e74/episodes/a8a4b8ec-80a8-4621-b63e-726501daa9a5/audio/128/default.mp3?aid=rss_feed&awCollectionId=e83bf197-ae48-4679-bb45-5aa4369b6e74&awEpisodeId=a8a4b8ec-80a8-4621-b63e-726501daa9a5&feed=zksImfUP
2025-10-10	Leadership Is For Everyone	2020000	https://afp-933324-injected.calisto.simplecastaudio.com/e83bf197-ae48-4679-bb45-5aa4369b6e74/episodes/cfec3ccc-ca99-4a7a-810b-32e1ad737d30/audio/128/default.mp3?aid=rss_feed&awCollectionId=e83bf197-ae48-4679-bb45-5aa4369b6e74&awEpisodeId=cfec3ccc-ca99-4a7a-810b-32e1ad737d30&feed=zksImfUP
2025-10-24	What To Do About Imposter Syndrome	2016000	https://afp-933324-injected.calisto.simplecastaudio.com/e83bf197-ae48-4679-bb45-5aa4369b6e74/episodes/f8e2a41e-82f0-4dbe-9bb7-7b4cc414bc04/audio/128/default.mp3?aid=rss_feed&awCollectionId=e83bf197-ae48-4679-bb45-5aa4369b6e74&awEpisodeId=f8e2a41e-82f0-4dbe-9bb7-7b4cc414bc04&feed=zksImfUP
2025-11-07	A Company Culture That Moves At The Pace of AI	2981000	https://afp-933324-injected.calisto.simplecastaudio.com/e83bf197-ae48-4679-bb45-5aa4369b6e74/episodes/eaf129e0-365f-410c-9a1f-e30f04d8cca7/audio/128/default.mp3?aid=rss_feed&awCollectionId=e83bf197-ae48-4679-bb45-5aa4369b6e74&awEpisodeId=eaf129e0-365f-410c-9a1f-e30f04d8cca7&feed=zksImfUP
2025-11-21	Overcoming Procrastination (Coaching Session Breakdown)	2274000	https://afp-933324-injected.calisto.simplecastaudio.com/e83bf197-ae48-4679-bb45-5aa4369b6e74/episodes/61418a62-c27a-4232-b892-b23ace2b6738/audio/128/default.mp3?aid=rss_feed&awCollectionId=e83bf197-ae48-4679-bb45-5aa4369b6e74&awEpisodeId=61418a62-c27a-4232-b892-b23ace2b6738&feed=zksImfUP
2025-12-05	Slimy vs. Authentic Charisma — Joe and Dr. K on Charisma on Command	10685000	https://afp-933324-injected.calisto.simplecastaudio.com/e83bf197-ae48-4679-bb45-5aa4369b6e74/episodes/036f2a9e-57b3-42b5-9861-7d23d4c0451b/audio/128/default.mp3?aid=rss_feed&awCollectionId=e83bf197-ae48-4679-bb45-5aa4369b6e74&awEpisodeId=036f2a9e-57b3-42b5-9861-7d23d4c0451b&feed=zksImfUP
2025-12-12	Bite-Sized Teaching Series: Why Chaos Is Good For You (The Forest Fire Theory)	604000	https://afp-933324-injected.calisto.simplecastaudio.com/e83bf197-ae48-4679-bb45-5aa4369b6e74/episodes/ab164859-b720-4083-808f-c54dee858649/audio/128/default.mp3?aid=rss_feed&awCollectionId=e83bf197-ae48-4679-bb45-5aa4369b6e74&awEpisodeId=ab164859-b720-4083-808f-c54dee858649&feed=zksImfUP
2025-12-19	Perfectionism	2121000	https://afp-933324-injected.calisto.simplecastaudio.com/e83bf197-ae48-4679-bb45-5aa4369b6e74/episodes/bb796fa6-3b96-4a91-8d3e-7c03bbce080d/audio/128/default.mp3?aid=rss_feed&awCollectionId=e83bf197-ae48-4679-bb45-5aa4369b6e74&awEpisodeId=bb796fa6-3b96-4a91-8d3e-7c03bbce080d&feed=zksImfUP
2025-12-26	Bite-Sized Teaching Series: Ambition and Doubt	772000	https://afp-933324-injected.calisto.simplecastaudio.com/e83bf197-ae48-4679-bb45-5aa4369b6e74/episodes/d0940e9b-5eab-42d6-ab09-bd9400be1e88/audio/128/default.mp3?aid=rss_feed&awCollectionId=e83bf197-ae48-4679-bb45-5aa4369b6e74&awEpisodeId=d0940e9b-5eab-42d6-ab09-bd9400be1e88&feed=zksImfUP
2026-01-02	How I Learned To Stop Fighting Myself	2598000	https://afp-933324-injected.calisto.simplecastaudio.com/e83bf197-ae48-4679-bb45-5aa4369b6e74/episodes/1e874340-7e40-4ebd-a434-c1a18a35fa3d/audio/128/default.mp3?aid=rss_feed&awCollectionId=e83bf197-ae48-4679-bb45-5aa4369b6e74&awEpisodeId=1e874340-7e40-4ebd-a434-c1a18a35fa3d&feed=zksImfUP
2026-01-09	Bite-Sized Teaching Series: The More Stuck You Feel, The Closer You Are To Freedom	550000	https://afp-933324-injected.calisto.simplecastaudio.com/e83bf197-ae48-4679-bb45-5aa4369b6e74/episodes/dd3a2572-be47-40c1-abd1-4240302b8801/audio/128/default.mp3?aid=rss_feed&awCollectionId=e83bf197-ae48-4679-bb45-5aa4369b6e74&awEpisodeId=dd3a2572-be47-40c1-abd1-4240302b8801&feed=zksImfUP
2026-01-16	Ending The War With Your Wants (Joe Hudson and Alexa Kistler)	2272000	https://afp-933324-injected.calisto.simplecastaudio.com/e83bf197-ae48-4679-bb45-5aa4369b6e74/episodes/ad7fd44a-f40a-48ef-8fd5-e9ac28cd96e6/audio/128/default.mp3?aid=rss_feed&awCollectionId=e83bf197-ae48-4679-bb45-5aa4369b6e74&awEpisodeId=ad7fd44a-f40a-48ef-8fd5-e9ac28cd96e6&feed=zksImfUP
2026-01-23	Bite-Sized Teaching Series: How To Break Free From Beliefs That Keep You Small	492000	https://afp-933324-injected.calisto.simplecastaudio.com/e83bf197-ae48-4679-bb45-5aa4369b6e74/episodes/db1d0e34-ea58-44ad-8b09-7bc812215802/audio/128/default.mp3?aid=rss_feed&awCollectionId=e83bf197-ae48-4679-bb45-5aa4369b6e74&awEpisodeId=db1d0e34-ea58-44ad-8b09-7bc812215802&feed=zksImfUP
2026-01-30	Awakening: Why We Waited 150 Episodes to Talk About It	2868000	https://afp-933324-injected.calisto.simplecastaudio.com/e83bf197-ae48-4679-bb45-5aa4369b6e74/episodes/a48b72fb-156a-4d76-bd84-7024420ff37c/audio/128/default.mp3?aid=rss_feed&awCollectionId=e83bf197-ae48-4679-bb45-5aa4369b6e74&awEpisodeId=a48b72fb-156a-4d76-bd84-7024420ff37c&feed=zksImfUP
2026-02-06	Bite-Sized Teaching Series: Finding Your Purpose is Hard Until You Understand This	726000	https://afp-933324-injected.calisto.simplecastaudio.com/e83bf197-ae48-4679-bb45-5aa4369b6e74/episodes/b23f2f4e-56e2-4c8d-ad93-4a100a181d11/audio/128/default.mp3?aid=rss_feed&awCollectionId=e83bf197-ae48-4679-bb45-5aa4369b6e74&awEpisodeId=b23f2f4e-56e2-4c8d-ad93-4a100a181d11&feed=zksImfUP
2026-02-13	The Handbook for Accidental Awakening	2725000	https://afp-933324-injected.calisto.simplecastaudio.com/e83bf197-ae48-4679-bb45-5aa4369b6e74/episodes/1269a9c8-6f0a-49ef-92bc-df945d965d8f/audio/128/default.mp3?aid=rss_feed&awCollectionId=e83bf197-ae48-4679-bb45-5aa4369b6e74&awEpisodeId=1269a9c8-6f0a-49ef-92bc-df945d965d8f&feed=zksImfUP
2026-02-20	Bite-Sized Teaching Series: "Do I Belong?" Is the Wrong Question	524000	https://afp-933324-injected.calisto.simplecastaudio.com/e83bf197-ae48-4679-bb45-5aa4369b6e74/episodes/1d6acfb5-318c-477a-ad4c-860c695b5e79/audio/128/default.mp3?aid=rss_feed&awCollectionId=e83bf197-ae48-4679-bb45-5aa4369b6e74&awEpisodeId=1d6acfb5-318c-477a-ad4c-860c695b5e79&feed=zksImfUP
2026-02-27	“I Learned Forgiveness by Refusing to Forgive” with Tara Howley and Alexa Kistler	1853000	https://afp-933324-injected.calisto.simplecastaudio.com/e83bf197-ae48-4679-bb45-5aa4369b6e74/episodes/8bd0cec6-f82b-4892-a5e7-8a1abebfe462/audio/128/default.mp3?aid=rss_feed&awCollectionId=e83bf197-ae48-4679-bb45-5aa4369b6e74&awEpisodeId=8bd0cec6-f82b-4892-a5e7-8a1abebfe462&feed=zksImfUP
2026-03-13	“This Is How You Love Yourself" (Coaching Session Breakdown)	2170000	https://afp-933324-injected.calisto.simplecastaudio.com/e83bf197-ae48-4679-bb45-5aa4369b6e74/episodes/a6f0bc9d-642b-44db-83a1-69747dfe448b/audio/128/default.mp3?aid=rss_feed&awCollectionId=e83bf197-ae48-4679-bb45-5aa4369b6e74&awEpisodeId=a6f0bc9d-642b-44db-83a1-69747dfe448b&feed=zksImfUP
2026-03-27	How to Succeed in the Age of AI	2327000	https://afp-933324-injected.calisto.simplecastaudio.com/e83bf197-ae48-4679-bb45-5aa4369b6e74/episodes/62c6cbce-61f8-47c7-93e0-4de9435d403f/audio/128/default.mp3?aid=rss_feed&awCollectionId=e83bf197-ae48-4679-bb45-5aa4369b6e74&awEpisodeId=62c6cbce-61f8-47c7-93e0-4de9435d403f&feed=zksImfUP
2026-04-10	How to Change Your Interpersonal Patterns	1912000	https://afp-933324-injected.calisto.simplecastaudio.com/e83bf197-ae48-4679-bb45-5aa4369b6e74/episodes/bb9e674a-0b51-4200-9de4-00fb3dced03e/audio/128/default.mp3?aid=rss_feed&awCollectionId=e83bf197-ae48-4679-bb45-5aa4369b6e74&awEpisodeId=bb9e674a-0b51-4200-9de4-00fb3dced03e&feed=zksImfUP
2026-04-24	How to Delegate Without Micromanaging	2432000	https://afp-933324-injected.calisto.simplecastaudio.com/e83bf197-ae48-4679-bb45-5aa4369b6e74/episodes/cf3d0d85-c36e-4f74-a332-886ee9127eee/audio/128/default.mp3?aid=rss_feed&awCollectionId=e83bf197-ae48-4679-bb45-5aa4369b6e74&awEpisodeId=cf3d0d85-c36e-4f74-a332-886ee9127eee&feed=zksImfUP
2026-05-08	The Fear of Being Seen: Overcoming Shame, Invisibility, and Social Anxiety	2100000	https://afp-933324-injected.calisto.simplecastaudio.com/e83bf197-ae48-4679-bb45-5aa4369b6e74/episodes/25ba1be0-e449-4358-96bb-1f6f30d63e4d/audio/128/default.mp3?aid=rss_feed&awCollectionId=e83bf197-ae48-4679-bb45-5aa4369b6e74&awEpisodeId=25ba1be0-e449-4358-96bb-1f6f30d63e4d&feed=zksImfUP
