Joe Hudson | Art of Accomplishment - Playlists\tPLrbct081G139IT_WKIdDkNPogQG2PeBwq\tStuckness & Procrastination
Joe Hudson | Art of Accomplishment - Playlists\tPLrbct081G1382zaqNvs-seAP09Y_4KeeV\tWork
Joe Hudson | Art of Accomplishment - Playlists\tPLrbct081G139fnjrTshtvXUl0ZHCBxGdw\tOther People (Relationships)
Joe Hudson | Art of Accomplishment - Playlists\tPLrbct081G13--csUZ7Lg7zjEqsujXGfgm\tStress
Joe Hudson | Art of Accomplishment - Playlists\tPLrbct081G13944t0gwhHKXMvD2Eyxsk4o\tMoney
Joe Hudson | Art of Accomplishment - Playlists\tPLrbct081G13-ot5FviKz1btJwHdRLV6et\tThe Wisdom Of Procrastination
Joe Hudson | Art of Accomplishment - Playlists\tPLrbct081G13-lt3U3utRObf17j_oIrbdN\tThe Official AOA Masterclass
Joe Hudson | Art of Accomplishment - Playlists\tPLrbct081G13_COyYtnRJFiHKvI3BPy_IX\tRewire Your Stress Response
Joe Hudson | Art of Accomplishment - Playlists\tPLrbct081G13_5zKE1cujsrKYoFIAMyugr\tInterviews with Joe
Joe Hudson | Art of Accomplishment - Playlists\tPLrbct081G13-RoA6M7-RVXrnEYinJNPTd\tThe Fundamentals
Joe Hudson | Art of Accomplishment - Playlists\tPLrbct081G13-bTaHznnEyBZIgETdO3Zti\tNew To AOA? Start Here
Joe Hudson | Art of Accomplishment - Playlists\tPLrbct081G13_xMDNrxbdLrJr5qxoQnwVI\tBusiness and Leadership
Joe Hudson | Art of Accomplishment - Playlists\tPLrbct081G138rMUcZ_80_tC2yarFZpeGy\tTransform Your Romantic Relationship (Fighting Series)
Joe Hudson | Art of Accomplishment - Playlists\tPLrbct081G138fwzox7CcymUaVfDqifKWv\tTeaching Series
Joe Hudson | Art of Accomplishment - Playlists\tPLrbct081G13-aW66Y_gcBVxbrkNqfeF3u\tExperiments
Joe Hudson | Art of Accomplishment - Playlists\tPLrbct081G13-RY3N3PkjVN59a0bmhAV2j\tCoaching Sessions with Joe
Joe Hudson | Art of Accomplishment - Playlists\tPLrbct081G138c8Kg4P_aw5XXJchqP6eXz\tImprove How You Relate & Connect With Others
Joe Hudson | Art of Accomplishment - Playlists\tPLrbct081G13_kYsGDgLz6qlZyBIHRfnBO\tEmotions & Self-Discovery
Joe Hudson | Art of Accomplishment - Playlists\tPLrbct081G13-2LyD1GYQ6D0IydbifhwRS\tThe Connection Course Series
Joe Hudson | Art of Accomplishment - Playlists\tPLrbct081G138kZZo116kocvj8z7n6SJMM\tThe Master Class Series
Joe Hudson | Art of Accomplishment - Playlists\tPLrbct081G13-oQfg-TvnyctcqjLWg5fex\tThe Podcast
